sepal_length,sepal_width,petal_length,petal_width,setosa,virginica,versicolor
0.0833333333333,0.666666666667,0.0,0.0416666666667,1.0,0.0,0.0
0.722222222222,0.458333333333,0.694915254237,0.916666666667,0.0,1.0,0.0
0.666666666667,0.416666666667,0.677966101695,0.666666666667,0.0,0.0,1.0
0.777777777778,0.416666666667,0.830508474576,0.833333333333,0.0,1.0,0.0
0.666666666667,0.458333333333,0.779661016949,0.958333333333,0.0,1.0,0.0
0.388888888889,0.416666666667,0.542372881356,0.458333333333,0.0,0.0,1.0
0.666666666667,0.541666666667,0.796610169492,0.833333333333,0.0,1.0,0.0
0.305555555556,0.583333333333,0.0847457627119,0.125,1.0,0.0,0.0
0.416666666667,0.291666666667,0.525423728814,0.375,0.0,0.0,1.0